[
    {
        "D": 1,
        "P": [0.25]
    },
    {
        "D": 1.2,
        "P": [0.25]
    },
    {
        "D": 1.4,
        "P": [0.3]
    },
    {
        "D": 1.6,
        "P": [0.35]
    },
    {
        "D": 1.8,
        "P": [0.35]
    },
    {
        "D": 2,
        "P": [0.4]
    },
    {
        "D": 2.5,
        "P": [0.45]
    },
    {
        "D": 3,
        "P": [0.5]
    },
    {
        "D": 3.5,
        "P": [0.6]
    },
    {
        "D": 4,
        "P": [0.7]
    },
    {
        "D": 5,
        "P": [0.8]
    },
    {
        "D": 6,
        "P": [1]
    },
    {
        "D": 7,
        "P": [1]
    },
    {
        "D": 8,
        "P": [1.25, 1]
    },
    {
        "D": 10,
        "P": [1.5, 1.25, 1]
    },
    {
        "D": 12,
        "P": [1.75, 1.5, 1.25]
    },
    {
        "D": 14,
        "P": [2, 1.5]
    },
    {
        "D": 16,
        "P": [2, 1.5]
    },
    {
        "D": 18,
        "P": [2.5, 2, 1.5]
    },
    {
        "D": 20,
        "P": [2.5, 2, 1.5]
    },
    {
        "D": 22,
        "P": [2.5, 2, 1.5]
    },
    {
        "D": 24,
        "P": [3, 2]
    },
    {
        "D": 27,
        "P": [3, 2]
    },
    {
        "D": 30,
        "P": [3.5, 2]
    },
    {
        "D": 33,
        "P": [3.5, 2]
    },
    {
        "D": 36,
        "P": [4, 3]
    },
    {
        "D": 39,
        "P": [4, 3]
    },
    {
        "D": 42,
        "P": [4.5, 3]
    },
    {
        "D": 45,
        "P": [4.5, 3]
    },
    {
        "D": 48,
        "P": [5, 3]
    },
    {
        "D": 52,
        "P": [5, 4]
    },
    {
        "D": 56,
        "P": [5.5, 4]
    },
    {
        "D": 60,
        "P": [5.5, 4]
    },
    {
        "D": 64,
        "P": [6, 4]
    }
]